{
    "accuracy": 0.413510101010101,
    "macro f1": 0.23078350444037612,
    "macro precision": 0.22969496298908065,
    "macro recall": 0.2649650965999435,
    "loss": 1.5777275694741144
}