{
    "accuracy": 0.6961805555555556,
    "macro f1": 0.5874588534808759,
    "macro precision": 0.6004816928713989,
    "macro recall": 0.6206252269545612,
    "loss": 0.8759051942163043
}