{
    "accuracy": 0.40151515151515155,
    "macro f1": 0.2841493998863517,
    "macro precision": 0.2908314319425431,
    "macro recall": 0.3098613095710619,
    "loss": 1.5930275519688923
}