{
    "accuracy": 0.8493303571428572,
    "loss": 0.22595515753989684
}