{
    "accuracy": 0.7957589285714286,
    "loss": 0.21821094318601275
}