{
    "accuracy": 0.7511160714285714,
    "loss": 0.2123954098414287
}