{
    "accuracy": 0.96484375,
    "loss": 0.03353824993686458
}