{
    "accuracy": 0.9942708333333334,
    "loss": 0.01013762540080481
}