{
    "accuracy": 0.8977272727272727,
    "loss": 0.6944691091775894
}