{
    "accuracy": 0.8986378205128206,
    "loss": 0.5272202864289284
}