{
    "accuracy": 0.8727272727272727,
    "loss": 0.7228919804096222
}