{
    "accuracy": 0.98828125,
    "loss": 0.012596927526851778
}