{
    "accuracy": 0.8236607142857143,
    "loss": 0.176484037276801
}