{
    "accuracy": 0.9901785714285715,
    "macro f1": 0.9897727716992932,
    "macro precision": 0.9904197389911674,
    "macro recall": 0.990122483336769,
    "loss": 0.03763724910095334
}