{
    "accuracy": 0.8737373737373737,
    "macro f1": 0.797562645205742,
    "macro precision": 0.8013650202375692,
    "macro recall": 0.8169503693658283,
    "loss": 0.7291531082656648
}