{
    "accuracy": 0.8547979797979798,
    "macro f1": 0.7155036156482297,
    "macro precision": 0.7474755287056181,
    "macro recall": 0.7249958039813112,
    "loss": 0.8996880286269717
}