{
    "accuracy": 0.7832386363636363,
    "loss": 1.0963442087173463
}