{
    "accuracy": 0.9878472222222222,
    "loss": 0.024405917023412056
}