{
    "accuracy": 0.7923295454545455,
    "loss": 1.0339369177818298
}