{
    "accuracy": 0.43439716312056736,
    "loss": 64.38818127466432
}