{
    "accuracy": 0.41785714285714287,
    "loss": 68.74658039637974
}