{
    "accuracy": 0.5404761904761906,
    "loss": 1.258554892880576
}