{
    "accuracy": 0.6297619047619047,
    "loss": 1.2540661530835289
}