{
    "accuracy": 0.8772095959595959,
    "macro f1": 0.7841219312401626,
    "macro precision": 0.8092442960090018,
    "macro recall": 0.7940338132970983,
    "loss": 0.7376891490485933
}