{
    "accuracy": 0.8980429292929293,
    "macro f1": 0.8159870497785717,
    "macro precision": 0.8737820848754352,
    "macro recall": 0.8050985715840788,
    "loss": 0.46655487683084274
}