{
    "accuracy": 0.9947916666666666,
    "macro f1": 0.9890973575915096,
    "macro precision": 0.9924026590693258,
    "macro recall": 0.9895061728395063,
    "loss": 0.016826638182262994
}