{
    "accuracy": 0.9574652777777778,
    "loss": 0.15667632760273087
}