{
    "accuracy": 0.609375,
    "loss": 1.2978363037109375
}