{
    "accuracy": 0.984375,
    "loss": 0.04615338539911641
}