{
    "accuracy": 0.7488636363636363,
    "loss": 1.2244510293006896
}