{
    "accuracy": 0.7676136363636363,
    "loss": 1.081235408782959
}