{
    "accuracy": 0.7894886363636363,
    "loss": 1.2229175925254823
}