{
    "accuracy": 0.9869791666666666,
    "loss": 0.019048722800410662
}