{
    "accuracy": 0.766826923076923,
    "loss": 1.0971368153889973
}