{
    "accuracy": 0.46631205673758863,
    "loss": 6.023270584510785
}