{
    "accuracy": 0.5892857142857143,
    "loss": 1.7870991119316646
}