{
    "accuracy": 0.39166666666666666,
    "loss": 9.033875588008335
}