{
    "accuracy": 0.6166666666666666,
    "loss": 1.5493393540382385
}