{
    "accuracy": 0.8294270833333333,
    "macro f1": 0.5959570403034116,
    "macro precision": 0.6133683937590189,
    "macro recall": 0.6100901875901876,
    "loss": 0.18064763916639381
}