{
    "accuracy": 0.7916666666666667,
    "macro f1": 0.545062708507891,
    "macro precision": 0.5664757209702063,
    "macro recall": 0.5604955808080807,
    "loss": 0.19043037287606612
}