{
    "accuracy": 0.9853515625,
    "macro f1": 0.9306502505270582,
    "macro precision": 0.9322099247685186,
    "macro recall": 0.9363368055555557,
    "loss": 0.018967715457711344
}