{
    "accuracy": 0.9947916666666666,
    "macro f1": 0.9909046278247059,
    "macro precision": 0.9888888888888889,
    "macro recall": 0.9943053859720526,
    "loss": 0.008303383119962544
}