{
    "accuracy": 0.8945707070707071,
    "macro f1": 0.8215275553692466,
    "macro precision": 0.8383422874822943,
    "macro recall": 0.8351742058263798,
    "loss": 0.6681128541628519
}