{
    "accuracy": 0.8563762626262625,
    "macro f1": 0.7739673439124477,
    "macro precision": 0.8092639356528244,
    "macro recall": 0.7864330806963657,
    "loss": 0.8414403133922153
}