{
    "accuracy": 0.8756313131313131,
    "macro f1": 0.7979459723937808,
    "macro precision": 0.7977603672048116,
    "macro recall": 0.8247293366858585,
    "loss": 0.38466906547546387
}