{
    "accuracy": 0.8841540404040403,
    "macro f1": 0.7621693465740187,
    "macro precision": 0.8065967317601304,
    "macro recall": 0.758426537230885,
    "loss": 0.47947113547060227
}