{
    "accuracy": 0.9956597222222222,
    "macro f1": 0.9921089207628943,
    "macro precision": 0.9947343808454918,
    "macro recall": 0.9910714285714284,
    "loss": 0.02397803789467111
}