{
    "accuracy": 0.9921875,
    "macro f1": 0.9854966353245044,
    "macro precision": 0.9923218242662689,
    "macro recall": 0.9831634505654114,
    "loss": 0.012631597892929372
}