{
    "accuracy": 0.8806818181818181,
    "macro f1": 0.7732763242286588,
    "macro precision": 0.8010007089255455,
    "macro recall": 0.7741305348793271,
    "loss": 0.5846852800912328
}