{
    "accuracy": 0.8980429292929293,
    "macro f1": 0.8113855438220406,
    "macro precision": 0.8395468940403581,
    "macro recall": 0.8182759470802949,
    "loss": 0.5116318298710717
}