{
    "accuracy": 0.8151041666666667,
    "loss": 0.24336821868703673
}