{
    "accuracy": 0.7799479166666667,
    "loss": 0.30284041270916756
}