{
    "accuracy": 0.9372395833333333,
    "loss": 0.05403147187603974
}