{
    "accuracy": 0.7119318181818182,
    "loss": 1.6159194707870483
}