{
    "accuracy": 0.9809027777777778,
    "loss": 0.06004497803385473
}