{
    "accuracy": 0.7085227272727272,
    "loss": 1.6217143058776855
}