{
    "accuracy": 0.9930555555555556,
    "macro f1": 0.9898770140736293,
    "macro precision": 0.9912037037037036,
    "macro recall": 0.9903681376720592,
    "loss": 0.022101659849997506
}