{
    "accuracy": 0.899621212121212,
    "macro f1": 0.8382441578395593,
    "macro precision": 0.8928229601432215,
    "macro recall": 0.827309693795201,
    "loss": 0.4636287068327268
}