{
    "accuracy": 0.8945707070707071,
    "macro f1": 0.8112443827163464,
    "macro precision": 0.8340252730597999,
    "macro recall": 0.8160627103259954,
    "loss": 0.4617504957649443
}