{
    "accuracy": 0.889520202020202,
    "macro f1": 0.8248280013623032,
    "macro precision": 0.8547970396826605,
    "macro recall": 0.8254026167069646,
    "loss": 0.6811480451789167
}