{
    "accuracy": 0.8652146464646465,
    "macro f1": 0.7768711995149741,
    "macro precision": 0.801304595912439,
    "macro recall": 0.7905665679820268,
    "loss": 0.7293951825963126
}