{
    "accuracy": 0.99375,
    "macro f1": 0.9938274664141736,
    "macro precision": 0.9943798529512815,
    "macro recall": 0.9938441188441189,
    "loss": 0.019401356657700878
}