{
    "accuracy": 0.5904761904761905,
    "loss": 1.5554069042205811
}