{
    "accuracy": 0.5654761904761905,
    "loss": 1.5196892721312387
}