{
    "accuracy": 0.8936170212765957,
    "loss": 0.2793627561644671
}