{
    "accuracy": 0.8295454545454545,
    "loss": 1.0576329112052918
}