{
    "accuracy": 0.9965277777777778,
    "loss": 0.009764805601056045
}