{
    "accuracy": 0.8480113636363636,
    "loss": 1.1638377487659455
}