{
    "accuracy": 0.8787878787878788,
    "macro f1": 0.8199664425887149,
    "macro precision": 0.8550821666834739,
    "macro recall": 0.8256782334680887,
    "loss": 0.4643840069572131
}