{
    "accuracy": 0.9930555555555556,
    "macro f1": 0.9896084870114815,
    "macro precision": 0.9871031746031745,
    "macro recall": 0.9939175203881087,
    "loss": 0.016453038593883522
}