{
    "accuracy": 0.8772095959595959,
    "macro f1": 0.779510717775628,
    "macro precision": 0.8163610686265896,
    "macro recall": 0.7833924484890669,
    "loss": 0.7917214830716451
}