{
    "accuracy": 0.859375,
    "loss": 0.21102485337545518
}