{
    "accuracy": 0.8333333333333333,
    "loss": 0.1841869986068765
}