{
    "accuracy": 0.9383463541666667,
    "loss": 0.043123735758069694
}