{
    "accuracy": 0.99375,
    "macro f1": 0.9936182702036963,
    "macro precision": 0.9941240241240241,
    "macro recall": 0.9937263794406651,
    "loss": 0.030356332420238427
}