{
    "accuracy": 0.8169191919191919,
    "macro f1": 0.7234068875195616,
    "macro precision": 0.732182822623999,
    "macro recall": 0.7741542765697355,
    "loss": 0.7003362046347724
}