{
    "accuracy": 0.8945707070707071,
    "macro f1": 0.8449666078780615,
    "macro precision": 0.8582650223173098,
    "macro recall": 0.8451571934059857,
    "loss": 0.4970719847414229
}