{
    "accuracy": 0.86875,
    "macro f1": 0.762851356867486,
    "macro precision": 0.7866278887950715,
    "macro recall": 0.7740873015873015,
    "loss": 0.5035815216600895
}