{
    "accuracy": 0.5501893939393939,
    "macro f1": 0.48671741613636255,
    "macro precision": 0.49361531984940993,
    "macro recall": 0.5199011663454687,
    "loss": 0.9997912711567349
}