{
    "accuracy": 0.5400883838383838,
    "macro f1": 0.42677421035619384,
    "macro precision": 0.47295839717909377,
    "macro recall": 0.4295301819101194,
    "loss": 1.092006550894843
}