{
    "accuracy": 0.7829861111111112,
    "macro f1": 0.7125810027747836,
    "macro precision": 0.7614423963978917,
    "macro recall": 0.7040591085407476,
    "loss": 0.5658152682913674
}