{
    "accuracy": 0.83203125,
    "macro f1": 0.5905884149244063,
    "macro precision": 0.5999304902882205,
    "macro recall": 0.6006205380876434,
    "loss": 0.1846860587305958
}