{
    "accuracy": 0.8125,
    "macro f1": 0.5515705126792783,
    "macro precision": 0.5644387543136744,
    "macro recall": 0.5614768217893218,
    "loss": 0.1956107418612468
}