{
    "accuracy": 0.982421875,
    "macro f1": 0.9243272825772519,
    "macro precision": 0.9291124131944444,
    "macro recall": 0.9255642361111112,
    "loss": 0.020732259214996752
}