{
    "accuracy": 0.8225,
    "macro f1": 0.5384145216645218,
    "macro precision": 0.5245549535603715,
    "macro recall": 0.5790205314009662,
    "loss": 0.2360602302548919
}