{
    "accuracy": 0.8493303571428572,
    "loss": 0.17778271460227413
}