{
    "accuracy": 0.8395833333333332,
    "loss": 0.17973445807495417
}