{
    "accuracy": 0.9852430555555556,
    "loss": 0.039923788151807256
}