{
    "accuracy": 0.7085227272727272,
    "loss": 1.6056531190872192
}