{
    "accuracy": 0.8033854166666667,
    "loss": 0.2550286100102723
}