{
    "accuracy": 0.9498046875,
    "loss": 0.042605194976742186
}