{
    "accuracy": 0.7786458333333333,
    "loss": 0.22053123867087696
}