{
    "accuracy": 0.8203125,
    "macro f1": 0.5431192386782875,
    "macro precision": 0.5426700643106894,
    "macro recall": 0.5597656857031856,
    "loss": 0.20390242011081305
}