{
    "accuracy": 0.7916666666666667,
    "macro f1": 0.5036832087914798,
    "macro precision": 0.5044081493568406,
    "macro recall": 0.5117532467532467,
    "loss": 0.21285937403630562
}