{
    "accuracy": 0.9546370967741935,
    "macro f1": 0.9256347624610839,
    "macro precision": 0.9348834737544415,
    "macro recall": 0.9281580784806593,
    "loss": 0.04511568805612051
}