{
    "accuracy": 0.8721590909090909,
    "macro f1": 0.7953096189588867,
    "macro precision": 0.8371005251294209,
    "macro recall": 0.7833163079539891,
    "loss": 0.6977123767137527
}