{
    "accuracy": 0.9964285714285714,
    "macro f1": 0.9965026601456287,
    "macro precision": 0.9962241462241461,
    "macro recall": 0.9970975056689343,
    "loss": 0.013973103662387335
}