{
    "accuracy": 0.8409090909090909,
    "macro f1": 0.736609443518124,
    "macro precision": 0.7452861807044364,
    "macro recall": 0.7546877018921634,
    "loss": 0.7689254283905029
}