{
    "accuracy": 0.7088068181818181,
    "loss": 1.5219378232955934
}