{
    "accuracy": 0.9817708333333334,
    "loss": 0.05338349437806755
}