{
    "accuracy": 0.6991477272727272,
    "loss": 1.7329504013061523
}