{
    "accuracy": 0.8702651515151515,
    "macro f1": 0.7724035561766778,
    "macro precision": 0.7708472657819063,
    "macro recall": 0.7970039577527499,
    "loss": 0.7655946877267625
}