{
    "accuracy": 0.9947916666666666,
    "macro f1": 0.9907844723429293,
    "macro precision": 0.9916479610924055,
    "macro recall": 0.9918647801000743,
    "loss": 0.011963226133149065
}