{
    "accuracy": 0.8876262626262625,
    "macro f1": 0.8125019026881267,
    "macro precision": 0.861339893241338,
    "macro recall": 0.804233695719203,
    "loss": 0.5349234243233999
}