{
    "accuracy": 0.5883838383838383,
    "macro f1": 0.3864011901920399,
    "macro precision": 0.42007159269617955,
    "macro recall": 0.3853614275969797,
    "loss": 1.4133693774541218
}