{
    "accuracy": 0.9817708333333334,
    "macro f1": 0.9620847873062355,
    "macro precision": 0.9648362122626827,
    "macro recall": 0.9678883744855968,
    "loss": 0.08509467847438322
}