{
    "accuracy": 0.5918560606060606,
    "macro f1": 0.422890932240015,
    "macro precision": 0.48183808860010235,
    "macro recall": 0.4163921293513657,
    "loss": 1.5178899102740817
}