{
    "accuracy": 0.9869791666666666,
    "macro f1": 0.9815416460579106,
    "macro precision": 0.9804633637966972,
    "macro recall": 0.9860260505223096,
    "loss": 0.038936290621576414
}