{
    "accuracy": 0.8547979797979798,
    "macro f1": 0.7407850984843395,
    "macro precision": 0.7970589081700192,
    "macro recall": 0.7431708053084864,
    "loss": 0.7286416292190552
}