{
    "accuracy": 0.8806818181818181,
    "macro f1": 0.7970430190761261,
    "macro precision": 0.8135060261694248,
    "macro recall": 0.8029710359420505,
    "loss": 0.5197528964943356
}