{
    "accuracy": 0.858270202020202,
    "macro f1": 0.7865149014507071,
    "macro precision": 0.8191169790025998,
    "macro recall": 0.7801804369259613,
    "loss": 0.6930470946762297
}