{
    "accuracy": 0.8791035353535354,
    "macro f1": 0.8197915189577619,
    "macro precision": 0.8324364330900279,
    "macro recall": 0.8183268221311699,
    "loss": 0.6240529815355936
}