{
    "accuracy": 0.9794921875,
    "macro f1": 0.9129896096440214,
    "macro precision": 0.9222187956871345,
    "macro recall": 0.9153602430555556,
    "loss": 0.02386040917365199
}