{
    "accuracy": 0.77734375,
    "macro f1": 0.5489473760019583,
    "macro precision": 0.5589022994708064,
    "macro recall": 0.557094376748982,
    "loss": 0.25059151125452006
}