{
    "accuracy": 0.79296875,
    "macro f1": 0.5455278750247436,
    "macro precision": 0.5494577180423506,
    "macro recall": 0.5563020787691841,
    "loss": 0.24804427069896764
}