{
    "accuracy": 0.9768145161290323,
    "macro f1": 0.9755978574728201,
    "macro precision": 0.9785946311752763,
    "macro recall": 0.9771121351766515,
    "loss": 0.0335604735945891
}