{
    "accuracy": 0.8268229166666667,
    "macro f1": 0.5943561561808752,
    "macro precision": 0.591163817450824,
    "macro recall": 0.614760101010101,
    "loss": 0.2162310113608571
}