{
    "accuracy": 0.796875,
    "macro f1": 0.5313114904944956,
    "macro precision": 0.5269480917366947,
    "macro recall": 0.5610989357864358,
    "loss": 0.2044013691800742
}