{
    "accuracy": 0.8142045454545455,
    "loss": 1.0703261256217957
}