{
    "accuracy": 0.9956597222222222,
    "loss": 0.012685774689695487
}