{
    "accuracy": 0.8420454545454545,
    "loss": 1.0372661828994751
}