{
    "accuracy": 0.8946022727272727,
    "loss": 0.6997331410646439
}