{
    "accuracy": 0.8789772727272727,
    "loss": 0.7298924654722214
}