{
    "accuracy": 0.995138888888889,
    "loss": 0.00958472090618064
}