{
    "accuracy": 0.9965277777777778,
    "loss": 0.008521791191823367
}