{
    "accuracy": 0.8946022727272727,
    "loss": 0.756354358792305
}