{
    "accuracy": 0.4987373737373737,
    "loss": 4.079847229851617
}