{
    "accuracy": 0.5104166666666666,
    "loss": 1.3230647378497653
}