{
    "accuracy": 0.5078125,
    "loss": 4.081440720293257
}