{
    "accuracy": 0.5227272727272727,
    "loss": 1.3371155659357707
}