{
    "accuracy": 0.8787878787878788,
    "macro f1": 0.8183610101827046,
    "macro precision": 0.8379994551563179,
    "macro recall": 0.8361078244532352,
    "loss": 0.7101683417956034
}