{
    "accuracy": 0.9955357142857143,
    "macro f1": 0.9956140288310337,
    "macro precision": 0.9955892255892256,
    "macro recall": 0.9960393046107332,
    "loss": 0.015474624420416408
}