{
    "accuracy": 0.8683712121212122,
    "macro f1": 0.7527995128473379,
    "macro precision": 0.8101113664839156,
    "macro recall": 0.7428033743855001,
    "loss": 0.860933812128173
}