{
    "accuracy": 0.8020833333333333,
    "loss": 0.19527010795402844
}