{
    "accuracy": 0.84375,
    "loss": 0.2123125074262342
}