{
    "accuracy": 0.9647135416666667,
    "loss": 0.029289046466243286
}