{
    "accuracy": 0.9942708333333334,
    "loss": 0.013650282932859328
}