{
    "accuracy": 0.8852272727272726,
    "loss": 0.9694359064102173
}