{
    "accuracy": 0.8977272727272727,
    "loss": 1.0127985179424286
}