{
    "accuracy": 0.8268229166666667,
    "macro f1": 0.5929533133126964,
    "macro precision": 0.5925599611355706,
    "macro recall": 0.6291021825396825,
    "loss": 0.22691754476634107
}