{
    "accuracy": 0.7734375,
    "macro f1": 0.48811466504804246,
    "macro precision": 0.5067227674389221,
    "macro recall": 0.5204563492063492,
    "loss": 0.22258064701029767
}