{
    "accuracy": 0.851010101010101,
    "macro f1": 0.6802005657864019,
    "macro precision": 0.7145061728395061,
    "macro recall": 0.6648428731762066,
    "loss": 0.4721488563550843
}