{
    "accuracy": 0.8554292929292929,
    "macro f1": 0.43606545616051023,
    "macro precision": 0.46115136876006435,
    "macro recall": 0.4176662457912458,
    "loss": 0.4603584350811111
}