{
    "accuracy": 0.829229797979798,
    "macro f1": 0.582098701151023,
    "macro precision": 0.6119528619528619,
    "macro recall": 0.5612607557052002,
    "loss": 0.47009332850575447
}