{
    "accuracy": 0.8421717171717171,
    "macro f1": 0.544612523688456,
    "macro precision": 0.5763106101270352,
    "macro recall": 0.5254420862059751,
    "loss": 0.4372394163575437
}