{
    "accuracy": 0.9609375,
    "macro f1": 0.8548978197755619,
    "macro precision": 0.8597274436090225,
    "macro recall": 0.866389545401494,
    "loss": 0.04073377883431606
}