{
    "accuracy": 0.8355429292929293,
    "macro f1": 0.6950850422473516,
    "macro precision": 0.780925266047385,
    "macro recall": 0.6909520213086568,
    "loss": 1.2881993684503767
}