{
    "accuracy": 0.9895833333333334,
    "macro f1": 0.9826610048093425,
    "macro precision": 0.9817012719790499,
    "macro recall": 0.985913160913161,
    "loss": 0.03246936516370624
}