{
    "accuracy": 0.8355429292929293,
    "macro f1": 0.7563902371444214,
    "macro precision": 0.7754527547011206,
    "macro recall": 0.7979464158030513,
    "loss": 0.701567249165641
}