{
    "accuracy": 0.7400568181818181,
    "loss": 1.1637417078018188
}