{
    "accuracy": 0.8059027777777777,
    "loss": 0.8056686735815473
}