{
    "accuracy": 0.7059659090909091,
    "loss": 1.2030009508132935
}