{
    "accuracy": 0.7525568181818182,
    "loss": 1.2694194793701172
}