{
    "accuracy": 0.8718434343434344,
    "macro f1": 0.8171510544565056,
    "macro precision": 0.8383606973470646,
    "macro recall": 0.8214869157502008,
    "loss": 0.5937437564134598
}