{
    "accuracy": 0.9895833333333334,
    "macro f1": 0.9828534918778895,
    "macro precision": 0.9860538252899365,
    "macro recall": 0.9831370971076853,
    "loss": 0.031433560067347974
}