{
    "accuracy": 0.8667929292929293,
    "macro f1": 0.7663850537112891,
    "macro precision": 0.7981581901516541,
    "macro recall": 0.7737956845444768,
    "loss": 0.6884777380360497
}