{
    "accuracy": 0.9835069444444444,
    "macro f1": 0.9504905974971763,
    "macro precision": 0.9511060444320678,
    "macro recall": 0.9568208647981611,
    "loss": 0.04237221558448962
}