{
    "accuracy": 0.7929292929292929,
    "macro f1": 0.6157371868530155,
    "macro precision": 0.6275962981329338,
    "macro recall": 0.6455178591904598,
    "loss": 0.9394345250394609
}