{
    "accuracy": 0.7581730769230769,
    "macro f1": 0.5039015390739529,
    "macro precision": 0.5166106934001671,
    "macro recall": 0.5114603174603175,
    "loss": 0.9349709868431091
}