{
    "accuracy": 0.7496843434343434,
    "macro f1": 0.5320959931008132,
    "macro precision": 0.5392501815541031,
    "macro recall": 0.5555160693757185,
    "loss": 1.135879913965861
}