{
    "accuracy": 0.9869791666666666,
    "macro f1": 0.9590459040704277,
    "macro precision": 0.9580701609347444,
    "macro recall": 0.9650860790444123,
    "loss": 0.03761325014056638
}