{
    "accuracy": 0.72885101010101,
    "macro f1": 0.5601635890151099,
    "macro precision": 0.5731086265210793,
    "macro recall": 0.5840530997974239,
    "loss": 1.1045924325784047
}