{
    "accuracy": 0.7256944444444444,
    "macro f1": 0.5475559361566652,
    "macro precision": 0.5690590947230093,
    "macro recall": 0.5901572490594678,
    "loss": 1.1929918328921
}