{
    "accuracy": 0.8880208333333334,
    "macro f1": 0.7474958930676553,
    "macro precision": 0.7761182903966486,
    "macro recall": 0.7554012847437126,
    "loss": 0.35997340662611854
}