{
    "accuracy": 0.7616792929292929,
    "macro f1": 0.540877409383629,
    "macro precision": 0.5780345471521942,
    "macro recall": 0.5227077320827321,
    "loss": 1.1460027217011277
}