{
    "accuracy": 0.9852430555555556,
    "macro f1": 0.9640054628702719,
    "macro precision": 0.9653478057889823,
    "macro recall": 0.9687977493185826,
    "loss": 0.029332984841959033
}