{
    "accuracy": 0.7616792929292929,
    "macro f1": 0.5879947780699026,
    "macro precision": 0.6070356992699614,
    "macro recall": 0.5972275732905249,
    "loss": 0.728906535440021
}