{
    "accuracy": 0.7285353535353535,
    "macro f1": 0.40650264368902356,
    "macro precision": 0.44320209565307606,
    "macro recall": 0.385056417348084,
    "loss": 0.8850128820372952
}