{
    "accuracy": 0.7468434343434344,
    "macro f1": 0.5031364647553418,
    "macro precision": 0.5457402868554829,
    "macro recall": 0.4828206001817113,
    "loss": 1.0304116437004671
}