{
    "accuracy": 0.7512626262626263,
    "macro f1": 0.43034268598784725,
    "macro precision": 0.4700521103503129,
    "macro recall": 0.41139996192079525,
    "loss": 1.1225398638699617
}