{
    "accuracy": 0.7477904040404041,
    "macro f1": 0.48567242219089796,
    "macro precision": 0.5238168724279835,
    "macro recall": 0.4632410413660414,
    "loss": 0.9873362858262327
}