{
    "accuracy": 0.66635101010101,
    "macro f1": 0.4941656500936027,
    "macro precision": 0.5487654320987655,
    "macro recall": 0.47633327320827323,
    "loss": 0.8378874651259847
}