{
    "accuracy": 0.578125,
    "loss": 1.1112706065177917
}