{
    "accuracy": 0.5869318181818182,
    "loss": 1.1063745021820068
}