{
    "accuracy": 0.8876262626262625,
    "macro f1": 0.8058433363754025,
    "macro precision": 0.8189912417208599,
    "macro recall": 0.8200961433449356,
    "loss": 0.556182786822319
}