{
    "accuracy": 0.8633207070707071,
    "macro f1": 0.7270966660409504,
    "macro precision": 0.769521020011216,
    "macro recall": 0.719253313335439,
    "loss": 0.7554309036996629
}