{
    "accuracy": 0.9921875,
    "macro f1": 0.9842547233848651,
    "macro precision": 0.9880629658407436,
    "macro recall": 0.9861894754664361,
    "loss": 0.0187346342459528
}