{
    "accuracy": 0.7460227272727272,
    "loss": 1.4269930601119996
}