{
    "accuracy": 0.7238636363636364,
    "loss": 1.4401068449020387
}