{
    "accuracy": 0.9861111111111112,
    "loss": 0.03507674445346412
}