{
    "accuracy": 0.6745580808080809,
    "macro f1": 0.5206714313930225,
    "macro precision": 0.5563219188219188,
    "macro recall": 0.5235145232978424,
    "loss": 1.1574331521987915
}