{
    "accuracy": 0.9939236111111112,
    "macro f1": 0.9878153426876826,
    "macro precision": 0.9907863355780024,
    "macro recall": 0.9860670194003526,
    "loss": 0.0347677536515726
}