{
    "accuracy": 0.7026515151515151,
    "macro f1": 0.6152785207401895,
    "macro precision": 0.6267912642912642,
    "macro recall": 0.6384489581598135,
    "loss": 0.9721731609768338
}