{
    "accuracy": 0.9925347222222223,
    "loss": 0.049037302740746073
}