{
    "accuracy": 0.8977272727272727,
    "loss": 1.0319614648818969
}