{
    "accuracy": 0.8789772727272727,
    "loss": 1.1195603907108307
}