{
    "accuracy": 0.8424479166666667,
    "loss": 0.20791439517179694
}