{
    "accuracy": 0.9235677083333333,
    "loss": 0.07063159540082825
}