{
    "accuracy": 0.828125,
    "loss": 0.2581192405408833
}