{
    "accuracy": 0.80859375,
    "macro f1": 0.5941924737757855,
    "macro precision": 0.6186637846426449,
    "macro recall": 0.6256231962481963,
    "loss": 0.2437344452089985
}