{
    "accuracy": 0.8059895833333333,
    "macro f1": 0.5309612945587545,
    "macro precision": 0.5445971996753247,
    "macro recall": 0.5346438064859117,
    "loss": 0.19416132979120843
}