{
    "accuracy": 0.9091796875,
    "macro f1": 0.715606615052705,
    "macro precision": 0.7331904972540252,
    "macro recall": 0.7368294472394221,
    "loss": 0.08393746795596184
}